Area,PostCode,Lat,Lon
ADDISON,49220,42.0072522,-84.3226488
ADRIAN,49221,41.8851765,-84.059029
ALBION,49224,42.2936964,-84.7524482
ALGONAC,48001,42.6433343,-82.5834947
ALLEN,49227,41.9387282,-84.7524482
ALLEN PARK,48101,42.2427186,-83.2184763
ALLENTON,48002,42.9371078,-82.9286428
ALMONT,48003,42.9450131,-83.0576156
ANN ARBOR,48103,42.2475863,-83.8260884
ANN ARBOR,48104,42.2660881,-83.7146001
ANN ARBOR,48105,42.3295957,-83.7092861
ANN ARBOR,48108,42.2129167,-83.7305392
ANN ARBOR,48109,42.3053253,-83.6694169
APPLEGATE,48401,43.3704942,-82.6159271
ARMADA,48005,42.8521261,-82.920669
ATTICA,48412,43.0688542,-83.1863358
AVOCA,48006,43.0576031,-82.6915429
BAD AXE,48413,43.7698518,-83.0361376
BANCROFT,48414,42.8758664,-84.0695961
BELLEVILLE,48111,42.1894357,-83.4856913
BIRCH RUN,48415,43.257281,-83.7836403
BIRMINGHAM,48009,42.5410436,-83.2131206
BLISSFIELD,49228,41.7783776,-83.9108968
BLOOMFIELD HILLS,48301,42.5415192,-83.3041061
BLOOMFIELD HILLS,48302,42.5805638,-83.3041061
BLOOMFIELD HILLS,48304,42.5767898,-83.2398943
BRIGHTON,48114,42.5564732,-83.7411631
BRIGHTON,48116,42.5093496,-83.7730237
BRITTON,49229,41.9717483,-83.8260884
BROOKLYN,49230,42.1099888,-84.2067992
BROWN CITY,48416,43.2102347,-82.9716617
BURT,48417,43.2561786,-83.9426698
BYRON,48418,42.8017605,-83.9532571
CAMDEN,49232,41.7366609,-84.6688348
CAPAC,48014,43.0145327,-82.9286428
CARLETON,48117,42.0664326,-83.4003037
CARSONVILLE,48419,43.4219458,-82.669947
CEMENT CITY,49233,42.0675132,-84.3436881
CENTER LINE,48015,42.4812462,-83.030767
CHELSEA,48118,42.2980829,-84.0378894
CLARKLAKE,49234,42.1277049,-84.3647199
CLARKSTON,48346,42.7244204,-83.4323375
CLARKSTON,48348,42.7712149,-83.4003037
CLAWSON,48017,42.5349326,-83.1514991
CLAYTON,49235,41.8729293,-84.2067992
CLINTON,49236,42.0667786,-83.9426698
CLIO,48420,43.1754912,-83.6986568
COLUMBIAVILLE,48421,43.1586596,-83.4003037
CONCORD,49237,42.1717843,-84.6688348
CROSWELL,48422,43.2654974,-82.6267345
DAVISBURG,48350,42.7521612,-83.5412042
DAVISON,48423,43.0500527,-83.528342
DEARBORN,48120,42.3049172,-83.1916937
MELVINDALE,48122,42.2846613,-83.1809776
DEARBORN,48124,42.2982789,-83.2452478
DEARBORN,48126,42.3382755,-83.1756188
DEARBORN,48128,42.3197827,-83.277359
DEARBORN HEIGHTS,48125,42.277306,-83.2639812
DEARBORN HEIGHTS,48127,42.3446054,-83.2827093
DECKER,48426,43.5228366,-83.0576156
DECKERVILLE,48427,43.5396508,-82.713132
DEERFIELD,49238,41.9008504,-83.7942551
DETROIT,48201,42.348495,-83.0602998
DETROIT,48202,42.3664506,-83.0737195
HIGHLAND PARK,48203,42.4323422,-83.1112798
DETROIT,48204,42.370326,-83.1380955
DETROIT,48205,42.4290772,-82.9770371
DETROIT,48206,42.3781869,-83.1059154
DETROIT,48207,42.3488239,-83.025396
DETROIT,48208,42.3475066,-83.0844532
DETROIT,48209,42.3004321,-83.1166438
DETROIT,48210,42.3357123,-83.1327332
DETROIT,48211,42.3840829,-83.0415078
HAMTRAMCK,48212,42.4140992,-83.0522468
DETROIT,48213,42.401041,-82.9985343
DETROIT,48214,42.3612206,-82.9877866
DETROIT,48215,42.3690341,-82.9555329
DETROIT,48216,42.3272581,-83.0737195
DETROIT,48217,42.2827426,-83.1488186
RIVER ROUGE,48218,42.271646,-83.1273705
DETROIT,48219,42.4204379,-83.2398943
FERNDALE,48220,42.4584036,-83.1380955
DETROIT,48221,42.4349152,-83.1541796
DETROIT,48223,42.3962815,-83.2452478
DETROIT,48224,42.407527,-82.9447782
HARPER WOODS,48225,42.4362108,-82.9340217
DETROIT,48226,42.328245,-83.0495622
DETROIT,48227,42.3787402,-83.1970511
DETROIT,48228,42.3552033,-83.2131206
ECORSE,48229,42.2428423,-83.1380955
GROSSE POINTE,48230,42.3768356,-82.9232635
DETROIT,48233,42.3240466,-83.0612883
DETROIT,48234,42.4330141,-83.0415078
DETROIT,48235,42.4224755,-83.1916937
GROSSE POINTE,48236,42.4192083,-82.8963604
OAK PARK,48237,42.4609656,-83.1809776
DETROIT,48238,42.3997016,-83.1380955
REDFORD,48239,42.3792122,-83.2880591
REDFORD,48240,42.42421,-83.3041061
DETROIT,48242,42.2253803,-83.3415334
DETROIT,48243,42.3297979,-83.0398296
DEXTER,48130,42.3491627,-83.8897057
DRYDEN,48428,42.9501934,-83.1434573
DUNDEE,48131,41.9648232,-83.6986568
DURAND,48429,42.9118821,-83.984674
EASTPOINTE,48021,42.466205,-82.9447782
EMMETT,48022,43.0451307,-82.7994194
FAIR HAVEN,48023,42.6968747,-82.6591465
FARMINGTON,48331,42.508645,-83.4109834
FARMINGTON,48334,42.5049385,-83.3468784
FARMINGTON,48335,42.4643438,-83.4056438
FARMINGTON,48336,42.4658351,-83.3468784
FENTON,48430,42.7514541,-83.7411631
FLAT ROCK,48134,42.1088517,-83.2827093
FLINT,48502,43.0142978,-83.6893547
FLINT,48503,43.0145534,-83.6720756
FLINT,48504,43.0528038,-83.7517851
FLINT,48505,43.0686471,-83.6880257
FLINT,48506,43.0651073,-83.624201
FLINT,48507,42.9753551,-83.7517851
BURTON,48509,43.0252245,-83.6029116
BURTON,48519,42.9865009,-83.6029116
BURTON,48529,42.9752297,-83.66144
FLINT,48532,43.0164056,-83.7942551
FLUSHING,48433,43.0687917,-83.8685072
FOSTORIA,48435,43.2435735,-83.3682539
FRASER,48026,42.5345798,-82.9447782
GAINES,48436,42.8658405,-83.8791074
GARDEN CITY,48135,42.3274999,-83.3254958
GOODELLS,48027,42.9595339,-82.669947
GOODRICH,48438,42.9314404,-83.4856913
GRAND BLANC,48439,42.9362643,-83.570964
GRAND BLANC,48480,42.92595,-83.63261
GRASS LAKE,49240,42.265309,-84.1646163
GREGORY,48137,42.4468071,-84.0695961
GROSSE ILE,48138,42.1406124,-83.1541796
HANOVER,49241,42.1003547,-84.6165146
HARBOR BEACH,48441,43.8244531,-82.6915429
HARSENS ISLAND,48028,42.5772353,-82.6159271
HARTLAND,48353,42.6437242,-83.7305392
HAZEL PARK,48030,42.465601,-83.0951852
HIGHLAND,48356,42.6549714,-83.581615
HIGHLAND,48357,42.6585338,-83.6454831
HILLSDALE,49242,41.8933451,-84.6269824
HOLLY,48442,42.7833139,-83.6135572
HOMER,49245,42.1587784,-84.8150781
HORTON,49246,42.1348269,-84.5117321
HUDSON,49247,41.8396194,-84.3331694
IDA,48140,41.8891589,-83.581615
IMLAY CITY,48444,43.0791253,-83.0361376
INKSTER,48141,42.2882655,-83.3254958
JACKSON,49201,42.3151209,-84.375233
JACKSON,49202,42.2675415,-84.406761
JACKSON,49203,42.2085364,-84.406761
JASPER,49248,41.7536392,-84.0061661
JEDDO,48032,43.147139,-82.5834947
JEROME,49249,42.0134176,-84.448772
JONESVILLE,49250,42.0120145,-84.6269824
KEEGO HARBOR,48320,42.6142937,-83.3388608
FILION,48432,43.9079284,-82.9609096
KINDE,48445,43.9723794,-82.9286428
LAKE ORION,48359,42.720287,-83.277359
LAKE ORION,48360,42.7521266,-83.2398943
LAKE ORION,48362,42.7780102,-83.266657
LAMBERTVILLE,48144,41.7529088,-83.624201
LAPEER,48446,43.0221538,-83.3789389
LENNON,48449,42.9856183,-83.9426698
LEONARD,48367,42.8338319,-83.1434573
LESLIE,49251,42.4740538,-84.4172666
LEXINGTON,48450,43.2110534,-82.5294065
LINCOLN PARK,48146,42.2401741,-83.1756188
LINDEN,48451,42.8041237,-83.8154791
LITCHFIELD,49252,42.0178138,-84.7524482
LIVONIA,48150,42.3691884,-83.3682539
LIVONIA,48152,42.4279422,-83.3682539
LIVONIA,48154,42.3939863,-83.3735966
MANCHESTER,48158,42.1407459,-84.0378894
MANITOU BEACH,49253,41.9645946,-84.2594861
MARINE CITY,48039,42.6898825,-82.5510469
MARLETTE,48453,43.3104318,-83.0361376
MARYSVILLE,48040,42.8991801,-82.4861053
MELVIN,48454,43.190551,-82.8101975
MEMPHIS,48041,42.9290398,-82.7994194
METAMORA,48455,42.9578295,-83.2720082
MICHIGAN CENTER,49254,42.2292596,-84.3279093
MILAN,48160,42.0808666,-83.6561215
MILFORD,48380,42.5908492,-83.6561215
MILFORD,48381,42.5913416,-83.6001904
MINDEN CITY,48456,43.6625136,-82.8425216
ERIE,48133,41.7550489,-83.4856913
LA SALLE,48145,41.8482241,-83.4696898
LUNA PIER,48157,41.8047858,-83.4456801
MAYBEE,48159,42.0262329,-83.5603112
MONROE,48161,41.913413,-83.4856913
MONROE,48162,41.9480522,-83.4003037
NEWPORT,48166,41.9905829,-83.2827093
MONTGOMERY,49255,41.7858529,-84.8776392
MONTROSE,48457,43.184723,-83.8685072
MORENCI,49256,41.7193747,-84.2178842
CLINTON TOWNSHIP,48035,42.5573163,-82.9178838
CLINTON TOWNSHIP,48036,42.5813695,-82.9125036
CLINTON TOWNSHIP,48038,42.5976588,-82.9394002
MACOMB,48042,42.6937328,-82.9178838
MOUNT CLEMENS,48043,42.5988654,-82.8802133
MACOMB,48044,42.6547932,-82.9178838
HARRISON TOWNSHIP,48045,42.5896119,-82.8101975
MOUNT MORRIS,48458,43.1073121,-83.6880257
MUNITH,49259,42.3780782,-84.2594861
NEW BALTIMORE,48047,42.664829,-82.7670745
NEW BALTIMORE,48051,42.6883667,-82.8317486
NEW BOSTON,48164,42.134752,-83.3896222
NEW HAVEN,48048,42.7440097,-82.7886395
NEW HAVEN,48050,42.7842331,-82.8101975
NEW HUDSON,48165,42.5057554,-83.6188793
NEW LOTHROP,48460,43.123313,-83.985008
NORTH ADAMS,49262,41.9551408,-84.4697663
NORTH BRANCH,48461,43.1872335,-83.2291862
NORTH STREET,48049,43.0313165,-82.5834947
NORTHVILLE,48167,42.4312595,-83.483215
NORTHVILLE,48168,42.4021228,-83.6029116
NOVI,48374,42.4756294,-83.517682
NOVI,48375,42.4719897,-83.4536844
NOVI,48377,42.5123116,-83.4750241
ONONDAGA,49264,42.431637,-84.5536678
ONSTED,49265,42.0289489,-84.1646163
ORTONVILLE,48462,42.8513948,-83.4430118
OSSEO,49266,41.849783,-84.5431867
OTISVILLE,48463,43.165979,-83.528342
OTTAWA LAKE,49267,41.7669312,-83.6986568
OTTER LAKE,48464,43.208728,-83.4323375
OXFORD,48370,42.8467392,-83.1970511
OXFORD,48371,42.8414657,-83.2720082
PALMYRA,49268,41.8680835,-83.9214896
PARMA,49269,42.2859231,-84.5850997
PECK,48466,43.276518,-82.7994194
PETERSBURG,49270,41.8461748,-83.6986568
PINCKNEY,48169,42.4505198,-83.9532571
PITTSFORD,49271,41.8061259,-84.4592701
PLEASANT LAKE,49272,42.4018714,-84.3436881
PLYMOUTH,48170,42.3789443,-83.5390002
WEST BLOOMFIELD,48322,42.5440126,-83.3468784
WEST BLOOMFIELD,48323,42.5693497,-83.3629107
WEST BLOOMFIELD,48324,42.6050452,-83.3896222
AUBURN HILLS,48326,42.6742723,-83.2398943
PONTIAC,48340,42.6722375,-83.2880591
PONTIAC,48341,42.624141,-83.2987576
PONTIAC,48342,42.642381,-83.277359
PORT AUSTIN,48467,44.0156065,-83.0146526
PORT HOPE,48468,43.9642956,-82.7994194
FORT GRATIOT,48059,43.1029061,-82.4969331
PORT HURON,48060,42.9751872,-82.4644445
PORT SANILAC,48469,43.4238357,-82.5510469
READING,49274,41.819882,-84.7524482
RICHMOND,48062,42.8090897,-82.7558838
COLUMBUS,48063,42.8432693,-82.669947
CASCO,48064,42.765613,-82.669947
RIGA,49276,41.7820478,-83.7942551
RIVES JUNCTION,49277,42.3884095,-84.4697663
ROCHESTER,48306,42.7172064,-83.1434573
ROCHESTER,48307,42.6678914,-83.1327332
ROCHESTER,48309,42.6509755,-83.1756188
OAKLAND,48363,42.7664746,-83.1541796
ROCKWOOD,48173,42.0708162,-83.2465794
ROMEO,48065,42.8467589,-83.0361376
RAY,48096,42.743032,-82.9286428
ROMULUS,48174,42.22225,-83.3966271
ROSEVILLE,48066,42.5000719,-82.9394002
ROYAL OAK,48067,42.4922946,-83.1327332
PLEASANT RIDGE,48069,42.4711067,-83.146138
HUNTINGTON WOODS,48070,42.4821633,-83.1675799
MADISON HEIGHTS,48071,42.5053384,-83.1059154
BERKLEY,48072,42.5007019,-83.1916937
ROYAL OAK,48073,42.5183235,-83.15954
RUTH,48470,43.7333734,-82.7562895
SALINE,48176,42.1689208,-83.8260884
SAND CREEK,49279,41.7976797,-84.0907246
SANDUSKY,48471,43.4328969,-82.8425216
SMITHS CREEK,48074,42.9511374,-82.5402275
SNOVER,48472,43.5175779,-82.9716617
SOMERSET CENTER,49282,42.0358078,-84.4015075
FRANKLIN,48025,42.5246737,-83.266657
SOUTHFIELD,48033,42.4620892,-83.2827093
SOUTHFIELD,48034,42.4966195,-83.2880591
SOUTHFIELD,48075,42.4595697,-83.2398943
SOUTHFIELD,48076,42.4986723,-83.2398943
SOUTH LYON,48178,42.4344566,-83.6561215
SOUTH ROCKWOOD,48179,42.0484941,-83.2613054
SPRING ARBOR,49283,42.1959178,-84.5536678
SPRINGPORT,49284,42.3703386,-84.7106567
EAST CHINA,48054,42.7572207,-82.5402275
SAINT CLAIR,48079,42.8736587,-82.5402275
SAINT CLAIR SHORES,48080,42.4635441,-82.9017419
SAINT CLAIR SHORES,48081,42.4974085,-82.8963604
SAINT CLAIR SHORES,48082,42.5248254,-82.8850919
STOCKBRIDGE,49285,42.4636132,-84.2067992
SWARTZ CREEK,48473,42.9503143,-83.8260884
TAYLOR,48180,42.2164077,-83.2720082
TECUMSEH,49286,42.0064623,-83.9214896
TEMPERANCE,48182,41.7598544,-83.570964
TRENTON,48183,42.1352293,-83.2291862
TROY,48083,42.5496035,-83.1112798
TROY,48084,42.5586572,-83.1809776
TROY,48085,42.6081355,-83.1112798
TROY,48098,42.5924867,-83.1756188
UBLY,48475,43.6705394,-82.9716617
STERLING HEIGHTS,48310,42.5665296,-83.0683519
STERLING HEIGHTS,48312,42.562608,-83.0039075
STERLING HEIGHTS,48313,42.5964176,-82.9985343
STERLING HEIGHTS,48314,42.6055433,-83.0683519
UTICA,48315,42.6795602,-83.0039075
UTICA,48316,42.6834831,-83.0683519
UTICA,48317,42.6432249,-83.0468775
WALDRON,49288,41.7267545,-84.4592701
COMMERCE TOWNSHIP,48382,42.5928553,-83.517682
WALLED LAKE,48390,42.5513866,-83.4750241
WARREN,48088,42.5222495,-82.9824121
WARREN,48089,42.464947,-83.0039075
WARREN,48091,42.4688673,-83.0683519
WARREN,48092,42.5079541,-83.0683519
WARREN,48093,42.5190114,-83.0092803
WASHINGTON,48094,42.7405578,-83.0468775
WASHINGTON,48095,42.7794397,-83.0468775
WATERFORD,48327,42.645278,-83.4109834
WATERFORD,48328,42.6415701,-83.3468784
WATERFORD,48329,42.6830185,-83.3896222
WHITE LAKE,48383,42.6525745,-83.5390002
WHITE LAKE,48386,42.6489461,-83.4750241
WAYNE,48184,42.27757,-83.3949632
WESTLAND,48185,42.3358116,-83.3842808
WESTLAND,48186,42.295963,-83.3735966
CANTON,48187,42.3373253,-83.4963567
CANTON,48188,42.3047219,-83.4819418
WHITMORE LAKE,48189,42.4022733,-83.7836403
WILLIS,48191,42.1247778,-83.5603112
WIXOM,48393,42.5159385,-83.5390002
WYANDOTTE,48192,42.204837,-83.15954
RIVERVIEW,48193,42.1742229,-83.1793408
SOUTHGATE,48195,42.2021569,-83.1970511
YALE,48097,43.1250863,-82.8425216
YPSILANTI,48197,42.1966292,-83.6135572
YPSILANTI,48198,42.2728525,-83.570964
ADA,49301,42.9894927,-85.4994192
AFTON,49705,45.334226,-84.4537387
AKRON,48701,43.5911722,-83.570964
ALANSON,49706,45.4230734,-84.737474
ALDEN,49612,44.8828494,-85.2515482
ALGER,48610,44.1180745,-84.1646163
ALLEGAN,49010,42.5166512,-85.8895551
ALLENDALE,49401,42.9674954,-85.9508923
ALMA,48801,43.3789816,-84.6688348
ALPENA,49707,45.0765963,-83.490932
ALTO,49302,42.8307357,-85.4169211
ARCADIA,49613,44.515578,-86.2056843
ASHLEY,48806,43.1782627,-84.5012435
ATHENS,49011,42.116777,-85.2101269
ATLANTA,49709,45.0393666,-84.1903585
ATLANTIC MINE,49905,47.1095441,-88.7155524
AUBURN,48611,43.6036929,-84.0895376
AU GRES,48703,44.08859,-83.6135572
AUGUSTA,49012,42.3581142,-85.3342973
AU TRAIN,49806,46.415164,-86.8461149
BAILEY,49303,43.2829233,-85.8383857
BALDWIN,49304,43.9263941,-85.8690933
BANGOR,49013,42.3085102,-86.1141045
BANNISTER,48807,43.144703,-84.406761
BARAGA,49908,46.7964299,-88.5243087
BARBEAU,49710,46.2721701,-84.1794626
BARK RIVER,49807,45.7102405,-87.3048527
BARODA,49101,41.9553733,-86.4895463
BARRYTON,49305,43.7463358,-85.1686743
BARTON CITY,48705,44.6933017,-83.6561215
BATH,48808,42.8273575,-84.4592701
BATTLE CREEK,49014,42.3477418,-85.0856761
BATTLE CREEK,49015,42.2743768,-85.2101269
BATTLE CREEK,49017,42.3905327,-85.1686743
BATTLE CREEK,49037,42.3256788,-85.2618987
BAY CITY,48706,43.5940178,-83.9744262
BAY CITY,48708,43.5692371,-83.8685072
BAY PORT,48720,43.8359971,-83.3468784
BEAR LAKE,49614,44.4277352,-86.1141045
BEAVERTON,48612,43.8647549,-84.4172666
BELDING,48809,43.057058,-85.2515482
BELLAIRE,49615,44.9553719,-85.2008005
BELLEVUE,49021,42.465457,-85.0856761
BELMONT,49306,43.0811377,-85.612648
BENTON HARBOR,49022,42.1193949,-86.357952
BENZONIA,49616,44.5769402,-86.0733498
BERGLAND,49910,46.5347681,-89.5846414
BERRIEN CENTER,49102,41.9483586,-86.2666463
BERRIEN SPRINGS,49103,41.9624632,-86.3984793
BESSEMER,49911,46.4970099,-90.0196568
BEULAH,49617,44.6409131,-86.0223611
BIG RAPIDS,49307,43.6833235,-85.4994192
BITELY,49309,43.7553794,-85.8895551
BLANCHARD,49310,43.5111682,-85.0441304
BLOOMINGDALE,49026,42.3815071,-85.9508923
BOON,49618,44.3329398,-85.5817911
BOYNE CITY,49712,45.2280272,-85.0068118
BOYNE FALLS,49713,45.2028639,-84.8628685
BRANCH,49402,43.9138274,-86.0529604
BRANT,48614,43.2451756,-84.2910759
BRECKENRIDGE,48615,43.3710512,-84.5012435
BRETHREN,49619,44.3088134,-85.9508923
BRIDGEPORT,48722,43.3467932,-83.8366958
BRIDGMAN,49106,41.9373934,-86.5501654
BRIMLEY,49715,46.4323632,-84.7032861
BRONSON,49028,41.8398553,-85.2101269
BRUCE CROSSING,49912,46.5517439,-89.1645275
BRUTUS,49716,45.5078487,-84.732578
BUCHANAN,49107,41.8435012,-86.3984793
BUCKLEY,49620,44.5261055,-85.7051116
BURLINGTON,49029,42.1509646,-85.0856761
BURR OAK,49030,41.8472624,-85.3185354
BYRON CENTER,49315,42.8044722,-85.7461548
CADILLAC,49601,44.2722287,-85.4788065
CALEDONIA,49316,42.796666,-85.5406209
ALLOUEZ,49805,47.3401101,-88.4119976
CALUMET,49913,47.2432514,-88.4801452
CARNEY,49812,45.5915795,-87.4656397
CARO,48723,43.4844321,-83.3789389
CARP LAKE,49718,45.7350949,-84.9389505
CARSON CITY,48811,43.1938484,-84.8359395
CASEVILLE,48725,43.9526499,-83.2291862
CASNOVIA,49318,43.2249907,-85.8383857
CASS CITY,48726,43.6223914,-83.1220074
CASSOPOLIS,49031,41.9093914,-85.9917437
CEDAR,49621,44.8665034,-85.7871663
CEDAR SPRINGS,49319,43.2234502,-85.5406209
CEDARVILLE,49719,46.0309332,-84.3387489
CENTRAL LAKE,49622,45.0702432,-85.2653517
CENTREVILLE,49032,41.9213069,-85.5097226
CERESCO,49033,42.2203634,-85.0960576
CHAMPION,49814,46.5363334,-87.9423144
CHANNING,49815,46.2106074,-87.9860476
CHARLEVOIX,49720,45.2938794,-85.22816
CHARLOTTE,48813,42.5514396,-84.8150781
CHASE,49623,43.8806959,-85.6640365
CHASSELL,49916,46.9913781,-88.5969857
CHATHAM,49816,46.26314,-86.9048196
CHEBOYGAN,49721,45.5785465,-84.4277638
CHESANING,48616,43.1980494,-84.1224036
CLARE,48617,43.8606165,-84.7315563
CLARKSVILLE,48815,42.8341666,-85.2618987
CLIFFORD,48727,43.3092327,-83.1756188
CLIMAX,49034,42.230707,-85.3446321
COLDWATER,49036,41.9327779,-85.0649071
COLEMAN,48618,43.7564101,-84.5431867
COLOMA,49038,42.2072135,-86.3275351
COLON,49040,41.9638164,-85.3342973
COMINS,48619,44.8237468,-83.9955879
COMSTOCK PARK,49321,43.0734054,-85.6640365
CONKLIN,49403,43.1197182,-85.8690933
CONSTANTINE,49042,41.8578585,-85.6640365
COOKS,49817,45.9450741,-86.4802489
COOPERSVILLE,49404,43.0838956,-85.9508923
COPEMISH,49625,44.4568465,-85.8690933
CORAL,49322,43.3603266,-85.3446321
CORNELL,49818,45.9090811,-87.2526019
CORUNNA,48817,43.000306,-84.0378894
COVERT,49043,42.2745346,-86.2767995
COVINGTON,49919,46.4671546,-88.4393927
CRYSTAL,48818,43.2747852,-84.9193082
CRYSTAL FALLS,49920,46.1582182,-88.2945022
CURRAN,48728,44.7400133,-83.8260884
CURTIS,49820,46.2150621,-85.7107598
CUSTER,49405,43.8995916,-86.1955169
DAFTER,49724,46.3233979,-84.4359597
DAGGETT,49821,45.481961,-87.6364741
DANSVILLE,48819,42.5461033,-84.2910759
DECATUR,49045,42.1072145,-85.9917437
DEERTON,49822,46.4196661,-87.0142118
DEFORD,48729,43.4922744,-83.1863358
DELTON,49046,42.5183433,-85.4169211
DE TOUR VILLAGE,49725,45.994397,-83.9026421
DEWITT,48820,42.8722569,-84.5850997
DIMONDALE,48821,42.6517139,-84.6583745
DORR,49323,42.7280022,-85.7871663
DOWAGIAC,49047,41.9736986,-86.1344697
DOWLING,49050,42.4818088,-85.2411958
DRUMMOND ISLAND,49726,45.9939894,-83.6367685
EAGLE,48822,42.8411596,-84.7524482
EAST JORDAN,49727,45.1393985,-85.1276986
EAST LANSING,48823,42.758734,-84.448772
EAST LANSING,48824,42.724305,-84.4796047
EAST LANSING,48825,42.7293339,-84.4709918
EAST LEROY,49051,42.197355,-85.2515482
EAST TAWAS,48730,44.325768,-83.4643551
EATON RAPIDS,48827,42.5437604,-84.6479124
EAU CLAIRE,49111,42.0377521,-86.2767995
ECKERMAN,49728,46.3715731,-85.0666181
EDMORE,48829,43.3958457,-85.0441304
EDWARDSBURG,49112,41.7917622,-86.0325629
UNION,49130,41.775713,-85.8588594
ELK RAPIDS,49629,44.9171048,-85.4051107
ELKTON,48731,43.8360445,-83.1863358
ELLSWORTH,49729,45.1747675,-85.3005429
ELMIRA,49730,45.0540601,-84.8895541
ELSIE,48831,43.0948182,-84.375233
ELWELL,48832,43.4131328,-84.7837717
EMPIRE,49630,44.7990996,-85.9917437
ENGADINE,49827,46.1803552,-85.5545531
ESCANABA,49829,45.7738752,-87.1630507
ESSEXVILLE,48732,43.6119299,-83.7730237
EVART,49631,43.9024372,-85.2515482
EWEN,49925,46.5532424,-89.4049437
FAIRGROVE,48733,43.5169567,-83.6135572
FAIRVIEW,48621,44.7292469,-83.9744262
FALMOUTH,49632,44.2316729,-84.9609464
FARWELL,48622,43.8481927,-84.8776392
FELCH,49831,46.0541626,-87.7933738
FENNVILLE,49408,42.5832128,-86.1141045
FENWICK,48834,43.1349424,-85.0337392
FIFE LAKE,49633,44.5423049,-85.1686743
FOSTER CITY,49834,45.9679064,-87.7694753
FOUNTAIN,49410,44.0505126,-86.1548269
FOWLER,48835,43.0352846,-84.7524482
FOWLERVILLE,48836,42.6525748,-84.0801613
FRANKENMUTH,48734,43.37045,-83.7411631
FRANKFORT,49635,44.6186408,-86.1955169
FREDERIC,49733,44.7863318,-84.7524482
FREELAND,48623,43.5059061,-84.1224036
FREEPORT,49325,42.7579636,-85.3032811
FREE SOIL,49411,44.0925394,-86.2767995
FREMONT,49412,43.4685143,-85.9100089
FRUITPORT,49415,43.1669959,-86.1141045
FULTON,49052,42.1107566,-85.3032811
GAASTRA,49927,46.0572143,-88.5920165
GAGETOWN,48735,43.659359,-83.2613054
GALESBURG,49053,42.2914097,-85.3859519
GALIEN,49113,41.8062924,-86.4794359
GARDEN,49835,45.7568951,-86.5449636
GAYLORD,49735,44.9858952,-84.6270618
GERMFASK,49836,46.1931191,-85.8963827
GLADSTONE,49837,45.8528118,-87.0218083
GLADWIN,48624,44.076893,-84.4802606
GLEN ARBOR,49636,44.8641585,-85.9815339
GLENNIE,48737,44.5457923,-83.6986568
GOBLES,49055,42.3785948,-85.8690933
GOETZVILLE,49736,46.0778266,-84.1304316
GOULD CITY,49838,46.0149094,-85.7300198
GOWEN,49326,43.2437802,-85.3239605
GRAND HAVEN,49417,43.0147008,-86.1955169
GRAND JUNCTION,49056,42.3857578,-86.0733498
GRAND LEDGE,48837,42.7243308,-84.7524482
GRAND RAPIDS,49503,42.9616689,-85.6588999
GRAND RAPIDS,49504,42.9880623,-85.7153754
GRAND RAPIDS,49505,43.0043693,-85.6332093
GRAND RAPIDS,49506,42.9411011,-85.6100387
GRAND RAPIDS,49507,42.9274782,-85.6537627
GRAND RAPIDS,49508,42.8683658,-85.6332093
WYOMING,49509,42.8948162,-85.6897121
GRAND RAPIDS,49512,42.8846539,-85.5509164
WYOMING,49519,42.8959695,-85.7205065
GRAND RAPIDS,49525,43.0314956,-85.5817911
GRAND RAPIDS,49534,42.9709309,-85.7769164
GRAND RAPIDS,49544,43.0283952,-85.7564107
GRAND RAPIDS,49546,42.9219281,-85.5097226
GRAND RAPIDS,49548,42.8644771,-85.6588999
GRANDVILLE,49418,42.8737472,-85.7769164
GRANT,49327,43.3500543,-85.8281458
GRAWN,49637,44.6298276,-85.7153754
GRAYLING,49738,44.687947,-84.6479124
GREENBUSH,48738,44.5527127,-83.3254958
GREENVILLE,48838,43.1731842,-85.2515482
GULLIVER,49840,45.9931279,-86.0120796
GWINN,49841,46.2195586,-87.4714881
HALE,48739,44.3647476,-83.8260884
HAMILTON,49419,42.6586454,-86.0325629
HANCOCK,49930,47.1470492,-88.5893195
HARBOR SPRINGS,49740,45.5113315,-85.0211732
HARRIETTA,49638,44.2650883,-85.7871663
HARRISON,48625,44.0565054,-84.8567932
HARRISVILLE,48740,44.6388917,-83.357567
HART,49420,43.6927521,-86.2970998
HARTFORD,49057,42.1917096,-86.1548269
HASLETT,48840,42.7546309,-84.3647199
HASTINGS,49058,42.6306916,-85.2929384
HAWKS,49743,45.2488457,-83.8877632
HEMLOCK,48626,43.433426,-84.2067992
HENDERSON,48841,43.0976851,-84.238417
HERMANSVILLE,49847,45.7462286,-87.6145527
HERRON,49744,44.9925247,-83.6618593
HERSEY,49639,43.8312621,-85.3756249
HESPERIA,49421,43.5894707,-86.0733498
HESSEL,49745,46.0594259,-84.531133
HICKORY CORNERS,49060,42.4289034,-85.3859519
HILLMAN,49746,45.0261032,-83.9352816
HOLLAND,49423,42.7381514,-86.0733498
HOLLAND,49424,42.8564729,-86.1141045
HOLT,48842,42.6272648,-84.5536678
HOLTON,49425,43.4371449,-86.1141045
HONOR,49640,44.7256467,-86.0325629
HOPE,48628,43.784365,-84.3331694
HOPKINS,49328,42.6483881,-85.7461548
DODGEVILLE,49921,47.094589,-88.5828292
HOUGHTON,49931,47.0979653,-88.5606025
HOUGHTON LAKE,48629,44.2997981,-84.7942091
HOWARD CITY,49329,43.4146453,-85.4994192
HOWELL,48855,42.6827001,-83.9108968
HUBBARD LAKE,49747,44.8597126,-83.6266144
HUBBARDSTON,48845,43.1073186,-84.8463673
HUDSONVILLE,49426,42.8479125,-85.8690933
IDLEWILD,49642,43.8753829,-85.7769164
INDIAN RIVER,49749,45.4171239,-84.6098301
INGALLS,49848,45.383343,-87.6496105
INTERLOCHEN,49643,44.6433789,-85.8281458
IONIA,48846,43.0095074,-85.0441304
IRON MOUNTAIN,49801,45.8329034,-88.0583849
KINGSFORD,49802,45.7976609,-88.0802887
IRON RIVER,49935,46.1643834,-88.7773357
IRONS,49644,44.1179866,-85.9100089
IRONWOOD,49938,46.454128,-90.1688295
ISHPEMING,49849,46.4547129,-87.7001071
ITHACA,48847,43.259465,-84.5850997
JENISON,49428,42.9242371,-85.8281458
JOHANNESBURG,49751,45.0478607,-84.3598126
JONES,49061,41.892548,-85.7974141
KALAMAZOO,49001,42.2593625,-85.5715015
PORTAGE,49002,42.1805732,-85.5715015
KALAMAZOO,49004,42.3279958,-85.5695632
KALAMAZOO,49006,42.3010755,-85.6332093
KALAMAZOO,49007,42.3042239,-85.5869352
KALAMAZOO,49008,42.2609411,-85.612648
KALAMAZOO,49009,42.2956109,-85.6639168
PORTAGE,49024,42.2121034,-85.6229296
KALAMAZOO,49048,42.2766433,-85.5097226
KALEVA,49645,44.377423,-86.0223611
KALKASKA,49646,44.7067138,-85.0649071
KAWKAWLIN,48631,43.6907603,-83.9955879
KENT CITY,49330,43.2312645,-85.7461548
KEWADIN,49648,44.9993306,-85.3605974
KINGSLEY,49649,44.5770056,-85.56121
KINGSTON,48741,43.4155549,-83.1863358
KINROSS,49752,46.2638906,-84.4973368
LACHINE,49753,44.9429427,-83.7807811
LAINGSBURG,48848,42.9009971,-84.375233
LAKE,48632,43.8517845,-85.0051878
LAKE ANN,49650,44.7295961,-85.8793252
LAKE CITY,49651,44.4096844,-85.1479364
LAKE LEELANAU,49653,44.9766506,-85.737864
LAKE LINDEN,49945,47.1437077,-88.339342
LAKE ODESSA,48849,42.818789,-85.1271907
LAKESIDE,49116,41.854116,-86.6686635
LAKEVIEW,48850,43.444816,-85.2929384
LANSE,49946,46.7566255,-88.452979
LANSING,48906,42.7842327,-84.5746243
LANSING,48910,42.7043124,-84.5327038
LANSING,48911,42.6663024,-84.5536678
LANSING,48912,42.7376689,-84.5169757
LANSING,48915,42.737853,-84.5720052
LANSING,48917,42.7287542,-84.6374484
LANSING,48924,42.6875419,-84.5005879
LANSING,48933,42.7371075,-84.5562878
LAWRENCE,49064,42.2269742,-86.0325629
LAWTON,49065,42.1408714,-85.8281458
LELAND,49654,45.0889493,-86.0003216
LEONIDAS,49066,42.0334481,-85.3446321
LEROY,49655,44.0415138,-85.3962769
LEVERING,49755,45.6521002,-84.7814432
LEWISTON,49756,44.8212897,-84.3121264
LINCOLN,48742,44.7186466,-83.4430118
LINWOOD,48634,43.7423692,-84.0695961
LONG LAKE,48743,44.4398332,-83.8658569
LOWELL,49331,42.9440633,-85.3342973
LUDINGTON,49431,43.9823555,-86.3984793
LUPTON,48635,44.4114481,-83.9955879
LUTHER,49656,44.0542911,-85.7256372
LUZERNE,48636,44.6144607,-84.2910759
LYONS,48851,42.9652441,-84.9193082
MC BAIN,49657,44.2027948,-85.1686743
MC MILLAN,49853,46.3228189,-85.7700582
MACKINAW CITY,49701,45.7650696,-84.7607599
MANCELONA,49659,44.9112157,-85.0409183
MANISTEE,49660,44.2205682,-86.1344697
MANISTIQUE,49854,45.957739,-86.2462392
MANTON,49663,44.4199517,-85.3962769
MAPLE CITY,49664,44.8709615,-85.9100089
MARCELLUS,49067,42.0208613,-85.7871663
MARENISCO,49947,46.4003256,-89.6459064
MARION,49665,44.1071769,-85.1479364
MARNE,49435,43.0313999,-85.8383857
MARQUETTE,49855,46.5477714,-87.3956241
MARSHALL,49068,42.2637126,-84.9609464
MARTIN,49070,42.5365662,-85.6332093
MASON,48854,42.593444,-84.4592701
MASS CITY,49948,46.7048044,-88.9981042
MATTAWAN,49071,42.2277151,-85.7769164
MAYVILLE,48744,43.3488002,-83.357567
MEARS,49436,43.6793493,-86.4794359
MECOSTA,49332,43.6350166,-85.2515482
MENDON,49072,42.0083382,-85.4581859
MENOMINEE,49858,45.2175106,-87.5784493
MERRILL,48637,43.4013183,-84.3331694
MERRITT,49667,44.3809026,-84.9193082
MESICK,49668,44.4131141,-85.7051116
MICHIGAMME,49861,46.4648172,-88.2761265
MIDDLETON,48856,43.1900525,-84.7524482
MIDDLEVILLE,49333,42.6764161,-85.4581859
MIDLAND,48640,43.5932134,-84.3331694
MIDLAND,48642,43.7600155,-84.2278796
MIKADO,48745,44.5713463,-83.4856913
MILLERSBURG,49759,45.4291078,-84.088765
MILLINGTON,48746,43.2455204,-83.570964
MIO,48647,44.5838733,-84.059029
MOHAWK,49950,47.394698,-88.1344569
MONTAGUE,49437,43.4464349,-86.3984793
MORAN,49760,46.0594104,-84.9464836
MORLEY,49336,43.4882874,-85.4169211
MORRICE,48857,42.8413513,-84.1540659
MOUNT PLEASANT,48858,43.6151255,-84.7942091
MUIR,48860,43.042807,-84.9193082
MULLIKEN,48861,42.7216373,-84.9088938
MUNGER,48747,43.5240167,-83.7411631
MUNISING,49862,46.4301821,-86.6963578
MUSKEGON,49440,43.2417401,-86.2539519
MUSKEGON,49441,43.2123878,-86.317392
MUSKEGON,49442,43.24433,-86.1141045
MUSKEGON,49444,43.1790617,-86.1853474
MUSKEGON,49445,43.2883524,-86.2767995
NASHVILLE,49073,42.5846791,-85.1271907
NATIONAL CITY,48748,44.3554294,-83.6561215
NAUBINWAY,49762,46.1501399,-85.2784131
NEGAUNEE,49866,46.4512661,-87.5342322
NEWAYGO,49337,43.4225427,-85.7051116
NEWBERRY,49868,46.5025918,-85.4386459
NEW BUFFALO,49117,41.7839196,-86.7315785
NEW ERA,49446,43.5524853,-86.4086061
NILES,49120,41.8177914,-86.2158497
NISULA,49952,46.7223871,-88.8144437
NORTHPORT,49670,45.1223258,-85.6329234
NORWAY,49870,45.8182735,-87.9024984
NUNICA,49448,43.0974932,-86.0631561
OAKLEY,48649,43.153545,-84.1962563
OKEMOS,48864,42.698235,-84.406761
OLIVET,49076,42.4171508,-84.8776392
OMER,48749,44.0557517,-83.8791074
ONAWAY,49765,45.3412382,-84.2151622
ONEKAMA,49675,44.3836478,-86.2056843
ONTONAGON,49953,46.7849844,-89.4001021
ORLEANS,48865,43.079565,-85.0960576
OSCODA,48750,44.4587227,-83.4856913
OSSINEKE,49766,44.9065814,-83.4646133
OTSEGO,49078,42.4526206,-85.7461548
OVID,48866,42.9786141,-84.375233
OWENDALE,48754,43.7331725,-83.2184763
OWOSSO,48867,43.0089792,-84.2067992
PARADISE,49768,46.6087783,-85.2019472
PARIS,49338,43.7646096,-85.6229296
PAW PAW,49079,42.2226787,-85.9100089
PELKIE,49958,46.7788348,-88.6689004
PELLSTON,49769,45.5699594,-84.8501527
PENTWATER,49449,43.7546593,-86.438974
PERRINTON,48871,43.1567196,-84.6583745
PERRONVILLE,49873,45.9147093,-87.4982877
PERRY,48872,42.7759565,-84.2067992
PETOSKEY,49770,45.3540431,-84.8782707
PEWAMO,48873,42.9910861,-84.8463673
PICKFORD,49774,46.182659,-84.3085645
PIERSON,49339,43.337612,-85.4994192
PIGEON,48755,43.8030479,-83.2720082
PINCONNING,48650,43.8232143,-83.9744262
PLAINWELL,49080,42.446414,-85.5817911
POINTE AUX PINS,49775,45.731352,-84.4551194
PORTLAND,48875,42.8486784,-84.9193082
POSEN,49776,45.234732,-83.6296489
POTTERVILLE,48876,42.6555798,-84.7420032
POWERS,49874,45.7436299,-87.4928554
PRESCOTT,48756,44.2028231,-83.9744262
PRESQUE ISLE,49777,45.2819607,-83.4658332
PRUDENVILLE,48651,44.2562366,-84.6688348
PULLMAN,49450,42.4737307,-86.0631561
QUINCY,49082,41.9443759,-84.8776392
QUINNESEC,49876,45.8004046,-87.9643351
RAPID CITY,49676,44.8098669,-85.2929384
RAPID RIVER,49878,45.9375476,-86.8775907
RAVENNA,49451,43.2200784,-85.971322
REED CITY,49677,43.9140678,-85.5406209
REESE,48757,43.4449572,-83.6986568
REMUS,49340,43.6297897,-85.1271907
REPUBLIC,49879,46.3840479,-88.035414
BENTLEY,48613,43.9662887,-84.1646163
RHODES,48652,43.8542818,-84.2067992
RICHLAND,49083,42.3733085,-85.4684971
RIVERDALE,48877,43.3774911,-84.8463673
ROCK,49880,46.1374501,-87.230582
ROCKFORD,49341,43.1243465,-85.4788065
RODNEY,49342,43.6767123,-85.3342973
ROGERS CITY,49779,45.3979228,-83.855749
ROSCOMMON,48653,44.4626923,-84.6479124
ROSEBUSH,48878,43.7198792,-84.7837717
ROSE CITY,48654,44.4379493,-84.1435136
ROTHBURY,49452,43.5194646,-86.2767995
RUDYARD,49780,46.1995394,-84.6584301
SAGINAW,48601,43.4157871,-83.8685072
SAGINAW,48602,43.4304646,-83.9638426
SAGINAW,48603,43.4530016,-84.0273168
SAGINAW,48604,43.5072348,-83.9638426
SAGINAW,48607,43.4313247,-83.9347281
SAGINAW,48609,43.3885035,-84.0801613
SAGINAW,48638,43.4145865,-84.0273168
SAGOLA,49881,46.0960304,-87.9940961
SAINT CHARLES,48655,43.295541,-84.1435136
SAINT HELEN,48656,44.379392,-84.4802606
SAINT IGNACE,49781,46.0316836,-84.7552977
BEAVER ISLAND,49782,45.6844445,-85.5462048
SAINT JOHNS,48879,43.0011205,-84.5591239
SAINT JOSEPH,49085,42.0537084,-86.4693235
SAINT LOUIS,48880,43.4519585,-84.5850997
SAND LAKE,49343,43.2906158,-85.5303235
SANFORD,48657,43.7121308,-84.4172666
SARANAC,48881,42.9000854,-85.2101269
SAUGATUCK,49453,42.6533748,-86.1650024
SAULT SAINTE MARIE,49783,46.4313095,-84.2810691
KINCHELOE,49788,46.2572805,-84.4599046
SAWYER,49125,41.8989487,-86.5905371
SCHOOLCRAFT,49087,42.1363406,-85.7051116
SCOTTS,49088,42.1938077,-85.4066
SCOTTVILLE,49454,43.9403785,-86.2767995
SEARS,49679,43.8982293,-85.1851673
SEBEWAING,48759,43.7342896,-83.4003037
SENEY,49883,46.4852005,-86.0053592
SHELBY,49455,43.6001531,-86.3984793
SHELBYVILLE,49344,42.6046603,-85.6229296
SHEPHERD,48883,43.5326806,-84.6688348
SHERIDAN,48884,43.2030471,-85.0441304
SHERWOOD,49089,41.9982709,-85.2101269
SHINGLETON,49884,46.4199058,-86.3573049
SIDNEY,48885,43.2553215,-85.1375645
SILVERWOOD,48760,43.3335504,-83.2613054
SIX LAKES,48886,43.4011689,-85.1686743
SKANDIA,49885,46.3668916,-87.2082736
SKANEE,49962,46.8290826,-88.1086978
SODUS,49126,42.0307812,-86.3680869
SOUTH BOARDMAN,49680,44.6208927,-85.2515482
SOUTH BRANCH,48761,44.5197685,-83.9108968
SOUTH HAVEN,49090,42.3912071,-86.2361744
SPALDING,49886,45.6938102,-87.4895979
SPARTA,49345,43.152402,-85.7051116
SPRING LAKE,49456,43.1022979,-86.2056843
BLACK RIVER,48721,44.8156286,-83.3447315
SPRUCE,48762,44.7957837,-83.4856913
STANDISH,48658,43.9910391,-83.9108968
STANTON,48888,43.3206059,-85.0856761
STANWOOD,49346,43.565082,-85.4169211
STEPHENSON,49887,45.4592684,-87.4571568
STERLING,48659,44.1093153,-83.9955879
STEVENSVILLE,49127,42.005794,-86.5198651
STURGIS,49091,41.8102387,-85.4581859
SUMNER,48889,43.3077243,-84.7942091
SUNFIELD,48890,42.7633744,-84.9713512
SUTTONS BAY,49682,44.9719831,-85.6144005
TAWAS CITY,48763,44.2398928,-83.6135572
TEKONSHA,49092,42.1061186,-84.9609464
THOMPSONVILLE,49683,44.5336142,-85.9100089
THREE OAKS,49128,41.8099333,-86.6006249
THREE RIVERS,49093,41.9751647,-85.6229296
TOIVOLA,49965,46.9364683,-88.9080862
TRAVERSE CITY,49684,44.8245398,-85.6640365
TRAVERSE CITY,49685,44.7138218,-85.7051116
TRAVERSE CITY,49686,44.8474167,-85.5303235
TRAVERSE CITY,49696,44.6684298,-85.4994192
TRENARY,49891,46.2282291,-87.0341366
TROUT CREEK,49967,46.4346578,-88.9673213
TRUFANT,49347,43.3016657,-85.3239605
TURNER,48765,44.1335267,-83.7411631
TUSTIN,49688,44.1388793,-85.4581859
TWINING,48766,44.102564,-83.8685072
TWIN LAKE,49457,43.3628397,-86.1955169
UNION CITY,49094,42.0343158,-85.1271907
UNION PIER,49129,41.8273258,-86.6862879
UNIONVILLE,48767,43.6628264,-83.4856913
VANDALIA,49095,41.8962413,-85.899783
VANDERBILT,49795,45.1519857,-84.5744062
VASSAR,48768,43.3610042,-83.570964
VERMONTVILLE,49096,42.6184084,-85.0025539
VESTABURG,48891,43.4288442,-84.9193082
VICKSBURG,49097,42.1284707,-85.4994192
LORETTO,49852,45.7846612,-87.8178474
VULCAN,49892,45.7680253,-87.75465
WAKEFIELD,49968,46.477708,-89.881995
WALKERVILLE,49459,43.7440983,-86.1141045
WALLACE,49893,45.2932752,-87.6120353
WATERSMEET,49969,46.2450049,-89.2528845
WATERVLIET,49098,42.1549524,-86.2361744
WATTON,49970,46.4887299,-88.6214377
WAYLAND,49348,42.6828191,-85.6229296
WEBBERVILLE,48892,42.6281757,-84.1751648
WEIDMAN,48893,43.6608819,-84.9609464
WELLS,49894,45.7834505,-87.0721818
WELLSTON,49689,44.2317005,-85.9100089
WEST BRANCH,48661,44.2914755,-84.2278796
WEST OLIVE,49460,42.9356535,-86.1548269
WESTPHALIA,48894,42.9208032,-84.7942091
WETMORE,49895,46.1981624,-86.6389015
WHEELER,48662,43.4438919,-84.4172666
WHITE CLOUD,49349,43.5962026,-85.7256372
WHITEHALL,49461,43.376782,-86.3275351
WHITTEMORE,48770,44.2515833,-83.8260884
WILLIAMSBURG,49690,44.7775113,-85.4169211
WILLIAMSTON,48895,42.702277,-84.2910759
WILSON,49896,45.7030659,-87.3743177
WOLVERINE,49799,45.2873586,-84.6556478
WOODLAND,48897,42.7120605,-85.1375645
ZEELAND,49464,42.8522633,-85.9917437
